{"field": 0.0002, "density": 0.000736, "energy": [0.3, 0.3, 0.3, 0.3, 0.3, 0.3, 0.3, 0.3, 0.3, 0.3, 0.4, 0.4, 0.4, 0.4, 0.4, 0.4, 0.4, 0.4, 0.4, 0.4, 0.52, 0.52, 0.52, 0.52, 0.52, 0.52, 0.52, 0.52, 0.52, 0.52, 0.69, 0.69, 0.69, 0.69, 0.69, 0.69, 0.69, 0.69, 0.69, 0.69, 0.92, 0.92, 0.92, 0.92, 0.92, 0.92, 0.92, 0.92, 0.92, 0.92, 1.21, 1.21, 1.21, 1.21, 1.21, 1.21, 1.21, 1.21, 1.21, 1.21, 1.6, 1.6, 1.6, 1.6, 1.6, 1.6, 1.6, 1.6, 1.6, 1.6, 2.0, 2.0, 2.0, 2.0, 2.0, 2.0, 2.0, 2.0, 2.0, 2.0, 3.0, 3.0, 3.0, 3.0, 3.0, 3.0, 3.0, 3.0, 3.0, 3.0, 4.0, 4.0, 4.0, 4.0, 4.0, 4.0, 4.0, 4.0, 4.0, 4.0, 5.0, 5.0, 5.0, 5.0, 5.0, 5.0, 5.0, 5.0, 5.0, 5.0, 6.0, 6.0, 6.0, 6.0, 6.0, 6.0, 6.0, 6.0, 6.0, 6.0, 8.0, 8.0, 8.0, 8.0, 8.0, 8.0, 8.0, 8.0, 8.0, 8.0, 10.0, 10.0, 10.0, 10.0, 10.0, 10.0, 10.0, 10.0, 10.0, 10.0, 12.0, 12.0, 12.0, 12.0, 12.0, 12.0, 12.0, 12.0, 12.0, 12.0, 15.0, 15.0, 15.0, 15.0, 15.0, 15.0, 15.0, 15.0, 15.0, 15.0, 20.0, 20.0, 20.0, 20.0, 20.0, 20.0, 20.0, 20.0, 20.0, 20.0, 26.0, 26.0, 26.0, 26.0, 26.0, 26.0, 26.0, 26.0, 26.0, 26.0, 34.0, 34.0, 34.0, 34.0, 34.0, 34.0, 34.0, 34.0, 34.0, 34.0, 45.0, 45.0, 45.0, 45.0, 45.0, 45.0, 45.0, 45.0, 45.0, 45.0, 60.0, 60.0, 60.0, 60.0, 60.0, 60.0, 60.0, 60.0, 60.0, 60.0], "theta": [0.0, 9.936367072140724, 19.948443588802704, 30.002910931188026, 40.00396133685097, 49.984112560695735, 60.00000000000001, 70.00122819209012, 79.97953045136717, 90.0, 0.0, 9.936367072140724, 19.948443588802704, 30.002910931188026, 40.00396133685097, 49.984112560695735, 60.00000000000001, 70.00122819209012, 79.97953045136717, 90.0, 0.0, 9.936367072140724, 19.948443588802704, 30.002910931188026, 40.00396133685097, 49.984112560695735, 60.00000000000001, 70.00122819209012, 79.97953045136717, 90.0, 0.0, 9.936367072140724, 19.948443588802704, 30.002910931188026, 40.00396133685097, 49.984112560695735, 60.00000000000001, 70.00122819209012, 79.97953045136717, 90.0, 0.0, 9.936367072140724, 19.948443588802704, 30.002910931188026, 40.00396133685097, 49.984112560695735, 60.00000000000001, 70.00122819209012, 79.97953045136717, 90.0, 0.0, 9.936367072140724, 19.948443588802704, 30.002910931188026, 40.00396133685097, 49.984112560695735, 60.00000000000001, 70.00122819209012, 79.97953045136717, 90.0, 0.0, 9.936367072140724, 19.948443588802704, 30.002910931188026, 40.00396133685097, 49.984112560695735, 60.00000000000001, 70.00122819209012, 79.97953045136717, 90.0, 0.0, 9.936367072140724, 19.948443588802704, 30.002910931188026, 40.00396133685097, 49.984112560695735, 60.00000000000001, 70.00122819209012, 79.97953045136717, 90.0, 0.0, 9.936367072140724, 19.948443588802704, 30.002910931188026, 40.00396133685097, 49.984112560695735, 60.00000000000001, 70.00122819209012, 79.97953045136717, 90.0, 0.0, 9.936367072140724, 19.948443588802704, 30.002910931188026, 40.00396133685097, 49.984112560695735, 60.00000000000001, 70.00122819209012, 79.97953045136717, 90.0, 0.0, 9.936367072140724, 19.948443588802704, 30.002910931188026, 40.00396133685097, 49.984112560695735, 60.00000000000001, 70.00122819209012, 79.97953045136717, 90.0, 0.0, 9.936367072140724, 19.948443588802704, 30.002910931188026, 40.00396133685097, 49.984112560695735, 60.00000000000001, 70.00122819209012, 79.97953045136717, 90.0, 0.0, 9.936367072140724, 19.948443588802704, 30.002910931188026, 40.00396133685097, 49.984112560695735, 60.00000000000001, 70.00122819209012, 79.97953045136717, 90.0, 0.0, 9.936367072140724, 19.948443588802704, 30.002910931188026, 40.00396133685097, 49.984112560695735, 60.00000000000001, 70.00122819209012, 79.97953045136717, 90.0, 0.0, 9.936367072140724, 19.948443588802704, 30.002910931188026, 40.00396133685097, 49.984112560695735, 60.00000000000001, 70.00122819209012, 79.97953045136717, 90.0, 0.0, 9.936367072140724, 19.948443588802704, 30.002910931188026, 40.00396133685097, 49.984112560695735, 60.00000000000001, 70.00122819209012, 79.97953045136717, 90.0, 0.0, 9.936367072140724, 19.948443588802704, 30.002910931188026, 40.00396133685097, 49.984112560695735, 60.00000000000001, 70.00122819209012, 79.97953045136717, 90.0, 0.0, 9.936367072140724, 19.948443588802704, 30.002910931188026, 40.00396133685097, 49.984112560695735, 60.00000000000001, 70.00122819209012, 79.97953045136717, 90.0, 0.0, 9.936367072140724, 19.948443588802704, 30.002910931188026, 40.00396133685097, 49.984112560695735, 60.00000000000001, 70.00122819209012, 79.97953045136717, 90.0, 0.0, 9.936367072140724, 19.948443588802704, 30.002910931188026, 40.00396133685097, 49.984112560695735, 60.00000000000001, 70.00122819209012, 79.97953045136717, 90.0, 0.0, 9.936367072140724, 19.948443588802704, 30.002910931188026, 40.00396133685097, 49.984112560695735, 60.00000000000001, 70.00122819209012, 79.97953045136717, 90.0], "number": [0.0, 0.0, 0.0, 0.0, 0.0, 0.0, 0.0, 0.0, 0.0, 0.0, 0.0, 0.0, 0.0, 0.0, 0.0, 0.0, 0.0, 0.0, 0.0, 0.0, 0.0003, 0.0004, 0.0004, 0.0005, 0.0004, 0.0009, 0.0009, 0.0024, 0.0031, 0.0062, 0.0184, 0.0195, 0.025, 0.0276, 0.0379, 0.0534, 0.0764, 0.1236, 0.1782, 0.2676, 0.0737, 0.0755, 0.0814, 0.0953, 0.119, 0.1502, 0.1981, 0.2628, 0.3347, 0.4178, 0.1422, 0.1454, 0.1596, 0.1722, 0.1987, 0.2426, 0.2934, 0.3483, 0.4336, 0.5214, 0.2174, 0.2244, 0.2416, 0.2578, 0.2885, 0.331, 0.3677, 0.4213, 0.5045, 0.5839, 0.2836, 0.2917, 0.311, 0.3191, 0.3526, 0.3927, 0.4426, 0.5012, 0.5688, 0.6402, 0.4223, 0.4164, 0.4395, 0.4478, 0.4837, 0.5106, 0.5539, 0.6062, 0.6709, 0.7413, 0.5129, 0.5203, 0.5403, 0.5524, 0.5862, 0.6134, 0.6609, 0.7068, 0.7635, 0.8115, 0.6181, 0.605, 0.6254, 0.6434, 0.6684, 0.6995, 0.7408, 0.8019, 0.842, 0.8875, 0.6993, 0.7051, 0.7056, 0.7178, 0.7504, 0.777, 0.8284, 0.8665, 0.8978, 0.9592, 0.8518, 0.8476, 0.8635, 0.8814, 0.8931, 0.931, 0.9614, 1.0218, 1.0522, 1.0866, 1.0023, 0.9998, 1.0164, 1.0278, 1.0678, 1.1026, 1.1274, 1.1638, 1.1794, 1.2248, 1.153, 1.1336, 1.146, 1.1559, 1.1993, 1.2201, 1.2375, 1.2958, 1.3211, 1.345, 1.3446, 1.3221, 1.3498, 1.3746, 1.3816, 1.411, 1.4466, 1.4628, 1.4985, 1.5159, 1.6534, 1.6262, 1.6813, 1.6773, 1.6847, 1.7169, 1.7645, 1.7945, 1.8183, 1.7997, 1.9863, 2.0027, 2.0015, 2.0131, 2.0222, 2.0462, 2.0913, 2.1138, 2.1166, 2.1459, 2.3894, 2.4102, 2.416, 2.4505, 2.4564, 2.4433, 2.508, 2.517, 2.5371, 2.5416, 2.9069, 2.9322, 2.9242, 2.9353, 2.9653, 2.9998, 3.0054, 3.0407, 3.0521, 3.0239, 3.5396, 3.5504, 3.5387, 3.5907, 3.5893, 3.5698, 3.674, 3.6642, 3.6882, 3.6504]}