{"field": 0.00015, "density": 0.0008, "energy": [0.3, 0.3, 0.3, 0.3, 0.3, 0.3, 0.3, 0.3, 0.3, 0.3, 0.4, 0.4, 0.4, 0.4, 0.4, 0.4, 0.4, 0.4, 0.4, 0.4, 0.52, 0.52, 0.52, 0.52, 0.52, 0.52, 0.52, 0.52, 0.52, 0.52, 0.69, 0.69, 0.69, 0.69, 0.69, 0.69, 0.69, 0.69, 0.69, 0.69, 0.92, 0.92, 0.92, 0.92, 0.92, 0.92, 0.92, 0.92, 0.92, 0.92, 1.21, 1.21, 1.21, 1.21, 1.21, 1.21, 1.21, 1.21, 1.21, 1.21, 1.6, 1.6, 1.6, 1.6, 1.6, 1.6, 1.6, 1.6, 1.6, 1.6, 2.0, 2.0, 2.0, 2.0, 2.0, 2.0, 2.0, 2.0, 2.0, 2.0, 3.0, 3.0, 3.0, 3.0, 3.0, 3.0, 3.0, 3.0, 3.0, 3.0, 4.0, 4.0, 4.0, 4.0, 4.0, 4.0, 4.0, 4.0, 4.0, 4.0, 5.0, 5.0, 5.0, 5.0, 5.0, 5.0, 5.0, 5.0, 5.0, 5.0, 6.0, 6.0, 6.0, 6.0, 6.0, 6.0, 6.0, 6.0, 6.0, 6.0, 8.0, 8.0, 8.0, 8.0, 8.0, 8.0, 8.0, 8.0, 8.0, 8.0, 10.0, 10.0, 10.0, 10.0, 10.0, 10.0, 10.0, 10.0, 10.0, 10.0, 12.0, 12.0, 12.0, 12.0, 12.0, 12.0, 12.0, 12.0, 12.0, 12.0, 15.0, 15.0, 15.0, 15.0, 15.0, 15.0, 15.0, 15.0, 15.0, 15.0, 20.0, 20.0, 20.0, 20.0, 20.0, 20.0, 20.0, 20.0, 20.0, 20.0, 26.0, 26.0, 26.0, 26.0, 26.0, 26.0, 26.0, 26.0, 26.0, 26.0, 34.0, 34.0, 34.0, 34.0, 34.0, 34.0, 34.0, 34.0, 34.0, 34.0, 45.0, 45.0, 45.0, 45.0, 45.0, 45.0, 45.0, 45.0, 45.0, 45.0, 60.0, 60.0, 60.0, 60.0, 60.0, 60.0, 60.0, 60.0, 60.0, 60.0], "theta": [0.0, 9.936367072140724, 19.948443588802704, 30.002910931188026, 40.00396133685097, 49.984112560695735, 60.00000000000001, 70.00122819209012, 79.97953045136717, 90.0, 0.0, 9.936367072140724, 19.948443588802704, 30.002910931188026, 40.00396133685097, 49.984112560695735, 60.00000000000001, 70.00122819209012, 79.97953045136717, 90.0, 0.0, 9.936367072140724, 19.948443588802704, 30.002910931188026, 40.00396133685097, 49.984112560695735, 60.00000000000001, 70.00122819209012, 79.97953045136717, 90.0, 0.0, 9.936367072140724, 19.948443588802704, 30.002910931188026, 40.00396133685097, 49.984112560695735, 60.00000000000001, 70.00122819209012, 79.97953045136717, 90.0, 0.0, 9.936367072140724, 19.948443588802704, 30.002910931188026, 40.00396133685097, 49.984112560695735, 60.00000000000001, 70.00122819209012, 79.97953045136717, 90.0, 0.0, 9.936367072140724, 19.948443588802704, 30.002910931188026, 40.00396133685097, 49.984112560695735, 60.00000000000001, 70.00122819209012, 79.97953045136717, 90.0, 0.0, 9.936367072140724, 19.948443588802704, 30.002910931188026, 40.00396133685097, 49.984112560695735, 60.00000000000001, 70.00122819209012, 79.97953045136717, 90.0, 0.0, 9.936367072140724, 19.948443588802704, 30.002910931188026, 40.00396133685097, 49.984112560695735, 60.00000000000001, 70.00122819209012, 79.97953045136717, 90.0, 0.0, 9.936367072140724, 19.948443588802704, 30.002910931188026, 40.00396133685097, 49.984112560695735, 60.00000000000001, 70.00122819209012, 79.97953045136717, 90.0, 0.0, 9.936367072140724, 19.948443588802704, 30.002910931188026, 40.00396133685097, 49.984112560695735, 60.00000000000001, 70.00122819209012, 79.97953045136717, 90.0, 0.0, 9.936367072140724, 19.948443588802704, 30.002910931188026, 40.00396133685097, 49.984112560695735, 60.00000000000001, 70.00122819209012, 79.97953045136717, 90.0, 0.0, 9.936367072140724, 19.948443588802704, 30.002910931188026, 40.00396133685097, 49.984112560695735, 60.00000000000001, 70.00122819209012, 79.97953045136717, 90.0, 0.0, 9.936367072140724, 19.948443588802704, 30.002910931188026, 40.00396133685097, 49.984112560695735, 60.00000000000001, 70.00122819209012, 79.97953045136717, 90.0, 0.0, 9.936367072140724, 19.948443588802704, 30.002910931188026, 40.00396133685097, 49.984112560695735, 60.00000000000001, 70.00122819209012, 79.97953045136717, 90.0, 0.0, 9.936367072140724, 19.948443588802704, 30.002910931188026, 40.00396133685097, 49.984112560695735, 60.00000000000001, 70.00122819209012, 79.97953045136717, 90.0, 0.0, 9.936367072140724, 19.948443588802704, 30.002910931188026, 40.00396133685097, 49.984112560695735, 60.00000000000001, 70.00122819209012, 79.97953045136717, 90.0, 0.0, 9.936367072140724, 19.948443588802704, 30.002910931188026, 40.00396133685097, 49.984112560695735, 60.00000000000001, 70.00122819209012, 79.97953045136717, 90.0, 0.0, 9.936367072140724, 19.948443588802704, 30.002910931188026, 40.00396133685097, 49.984112560695735, 60.00000000000001, 70.00122819209012, 79.97953045136717, 90.0, 0.0, 9.936367072140724, 19.948443588802704, 30.002910931188026, 40.00396133685097, 49.984112560695735, 60.00000000000001, 70.00122819209012, 79.97953045136717, 90.0, 0.0, 9.936367072140724, 19.948443588802704, 30.002910931188026, 40.00396133685097, 49.984112560695735, 60.00000000000001, 70.00122819209012, 79.97953045136717, 90.0, 0.0, 9.936367072140724, 19.948443588802704, 30.002910931188026, 40.00396133685097, 49.984112560695735, 60.00000000000001, 70.00122819209012, 79.97953045136717, 90.0], "number": [0.0, 0.0, 0.0, 0.0, 0.0, 0.0, 0.0, 0.0, 0.0, 0.0, 0.0, 0.0, 0.0, 0.0, 0.0, 0.0, 0.0, 0.0, 0.0, 0.0, 0.0004, 0.0001, 0.0001, 0.0006, 0.0006, 0.0005, 0.0017, 0.0015, 0.0027, 0.0083, 0.0186, 0.0177, 0.0201, 0.0278, 0.0394, 0.053, 0.0793, 0.1145, 0.1785, 0.2698, 0.0717, 0.0769, 0.0834, 0.1015, 0.1212, 0.1549, 0.1894, 0.2458, 0.3325, 0.4222, 0.1445, 0.1461, 0.1578, 0.1804, 0.1939, 0.2382, 0.2913, 0.3516, 0.4294, 0.5168, 0.2219, 0.2304, 0.2341, 0.2645, 0.2841, 0.3261, 0.371, 0.4302, 0.5121, 0.5906, 0.298, 0.2928, 0.3023, 0.3316, 0.3572, 0.3829, 0.4373, 0.4963, 0.5629, 0.6455, 0.4065, 0.427, 0.4288, 0.4499, 0.4812, 0.5066, 0.5658, 0.6049, 0.676, 0.7419, 0.519, 0.5211, 0.5347, 0.5544, 0.5926, 0.6159, 0.6697, 0.71, 0.7508, 0.8266, 0.6135, 0.615, 0.637, 0.6537, 0.6739, 0.7093, 0.7412, 0.7877, 0.8383, 0.9037, 0.6988, 0.7031, 0.7087, 0.7215, 0.7666, 0.7819, 0.8172, 0.8727, 0.9106, 0.9583, 0.8522, 0.8391, 0.8568, 0.8828, 0.9003, 0.9467, 0.9763, 1.0153, 1.0639, 1.0925, 1.0078, 1.0019, 1.0018, 1.0328, 1.0496, 1.0958, 1.1304, 1.1503, 1.1901, 1.2138, 1.1419, 1.1313, 1.1332, 1.1638, 1.1897, 1.2146, 1.2638, 1.2859, 1.3255, 1.3377, 1.3231, 1.3334, 1.3463, 1.3687, 1.3877, 1.4194, 1.4521, 1.4811, 1.5039, 1.5011, 1.6407, 1.6427, 1.6465, 1.6804, 1.7017, 1.708, 1.7409, 1.7759, 1.7969, 1.8021, 1.9611, 1.9781, 1.9895, 2.0068, 2.0435, 2.039, 2.0973, 2.1287, 2.1401, 2.1267, 2.3856, 2.4042, 2.4369, 2.3929, 2.4266, 2.4654, 2.5013, 2.5064, 2.5106, 2.5313, 2.9349, 2.921, 2.9104, 2.9221, 2.9868, 2.9745, 3.0238, 3.0504, 3.0482, 3.054, 3.516, 3.5147, 3.549, 3.5652, 3.5918, 3.6106, 3.6439, 3.7004, 3.6747, 3.6342]}