{"field": 0.0002, "density": 0.0008, "energy": [0.3, 0.3, 0.3, 0.3, 0.3, 0.3, 0.3, 0.3, 0.3, 0.3, 0.4, 0.4, 0.4, 0.4, 0.4, 0.4, 0.4, 0.4, 0.4, 0.4, 0.52, 0.52, 0.52, 0.52, 0.52, 0.52, 0.52, 0.52, 0.52, 0.52, 0.69, 0.69, 0.69, 0.69, 0.69, 0.69, 0.69, 0.69, 0.69, 0.69, 0.92, 0.92, 0.92, 0.92, 0.92, 0.92, 0.92, 0.92, 0.92, 0.92, 1.21, 1.21, 1.21, 1.21, 1.21, 1.21, 1.21, 1.21, 1.21, 1.21, 1.6, 1.6, 1.6, 1.6, 1.6, 1.6, 1.6, 1.6, 1.6, 1.6, 2.0, 2.0, 2.0, 2.0, 2.0, 2.0, 2.0, 2.0, 2.0, 2.0, 3.0, 3.0, 3.0, 3.0, 3.0, 3.0, 3.0, 3.0, 3.0, 3.0, 4.0, 4.0, 4.0, 4.0, 4.0, 4.0, 4.0, 4.0, 4.0, 4.0, 5.0, 5.0, 5.0, 5.0, 5.0, 5.0, 5.0, 5.0, 5.0, 5.0, 6.0, 6.0, 6.0, 6.0, 6.0, 6.0, 6.0, 6.0, 6.0, 6.0, 8.0, 8.0, 8.0, 8.0, 8.0, 8.0, 8.0, 8.0, 8.0, 8.0, 10.0, 10.0, 10.0, 10.0, 10.0, 10.0, 10.0, 10.0, 10.0, 10.0, 12.0, 12.0, 12.0, 12.0, 12.0, 12.0, 12.0, 12.0, 12.0, 12.0, 15.0, 15.0, 15.0, 15.0, 15.0, 15.0, 15.0, 15.0, 15.0, 15.0, 20.0, 20.0, 20.0, 20.0, 20.0, 20.0, 20.0, 20.0, 20.0, 20.0, 26.0, 26.0, 26.0, 26.0, 26.0, 26.0, 26.0, 26.0, 26.0, 26.0, 34.0, 34.0, 34.0, 34.0, 34.0, 34.0, 34.0, 34.0, 34.0, 34.0, 45.0, 45.0, 45.0, 45.0, 45.0, 45.0, 45.0, 45.0, 45.0, 45.0, 60.0, 60.0, 60.0, 60.0, 60.0, 60.0, 60.0, 60.0, 60.0, 60.0], "theta": [0.0, 9.936367072140724, 19.948443588802704, 30.002910931188026, 40.00396133685097, 49.984112560695735, 60.00000000000001, 70.00122819209012, 79.97953045136717, 90.0, 0.0, 9.936367072140724, 19.948443588802704, 30.002910931188026, 40.00396133685097, 49.984112560695735, 60.00000000000001, 70.00122819209012, 79.97953045136717, 90.0, 0.0, 9.936367072140724, 19.948443588802704, 30.002910931188026, 40.00396133685097, 49.984112560695735, 60.00000000000001, 70.00122819209012, 79.97953045136717, 90.0, 0.0, 9.936367072140724, 19.948443588802704, 30.002910931188026, 40.00396133685097, 49.984112560695735, 60.00000000000001, 70.00122819209012, 79.97953045136717, 90.0, 0.0, 9.936367072140724, 19.948443588802704, 30.002910931188026, 40.00396133685097, 49.984112560695735, 60.00000000000001, 70.00122819209012, 79.97953045136717, 90.0, 0.0, 9.936367072140724, 19.948443588802704, 30.002910931188026, 40.00396133685097, 49.984112560695735, 60.00000000000001, 70.00122819209012, 79.97953045136717, 90.0, 0.0, 9.936367072140724, 19.948443588802704, 30.002910931188026, 40.00396133685097, 49.984112560695735, 60.00000000000001, 70.00122819209012, 79.97953045136717, 90.0, 0.0, 9.936367072140724, 19.948443588802704, 30.002910931188026, 40.00396133685097, 49.984112560695735, 60.00000000000001, 70.00122819209012, 79.97953045136717, 90.0, 0.0, 9.936367072140724, 19.948443588802704, 30.002910931188026, 40.00396133685097, 49.984112560695735, 60.00000000000001, 70.00122819209012, 79.97953045136717, 90.0, 0.0, 9.936367072140724, 19.948443588802704, 30.002910931188026, 40.00396133685097, 49.984112560695735, 60.00000000000001, 70.00122819209012, 79.97953045136717, 90.0, 0.0, 9.936367072140724, 19.948443588802704, 30.002910931188026, 40.00396133685097, 49.984112560695735, 60.00000000000001, 70.00122819209012, 79.97953045136717, 90.0, 0.0, 9.936367072140724, 19.948443588802704, 30.002910931188026, 40.00396133685097, 49.984112560695735, 60.00000000000001, 70.00122819209012, 79.97953045136717, 90.0, 0.0, 9.936367072140724, 19.948443588802704, 30.002910931188026, 40.00396133685097, 49.984112560695735, 60.00000000000001, 70.00122819209012, 79.97953045136717, 90.0, 0.0, 9.936367072140724, 19.948443588802704, 30.002910931188026, 40.00396133685097, 49.984112560695735, 60.00000000000001, 70.00122819209012, 79.97953045136717, 90.0, 0.0, 9.936367072140724, 19.948443588802704, 30.002910931188026, 40.00396133685097, 49.984112560695735, 60.00000000000001, 70.00122819209012, 79.97953045136717, 90.0, 0.0, 9.936367072140724, 19.948443588802704, 30.002910931188026, 40.00396133685097, 49.984112560695735, 60.00000000000001, 70.00122819209012, 79.97953045136717, 90.0, 0.0, 9.936367072140724, 19.948443588802704, 30.002910931188026, 40.00396133685097, 49.984112560695735, 60.00000000000001, 70.00122819209012, 79.97953045136717, 90.0, 0.0, 9.936367072140724, 19.948443588802704, 30.002910931188026, 40.00396133685097, 49.984112560695735, 60.00000000000001, 70.00122819209012, 79.97953045136717, 90.0, 0.0, 9.936367072140724, 19.948443588802704, 30.002910931188026, 40.00396133685097, 49.984112560695735, 60.00000000000001, 70.00122819209012, 79.97953045136717, 90.0, 0.0, 9.936367072140724, 19.948443588802704, 30.002910931188026, 40.00396133685097, 49.984112560695735, 60.00000000000001, 70.00122819209012, 79.97953045136717, 90.0, 0.0, 9.936367072140724, 19.948443588802704, 30.002910931188026, 40.00396133685097, 49.984112560695735, 60.00000000000001, 70.00122819209012, 79.97953045136717, 90.0], "number": [0.0, 0.0, 0.0, 0.0, 0.0, 0.0, 0.0, 0.0, 0.0, 0.0, 0.0, 0.0, 0.0, 0.0, 0.0, 0.0, 0.0, 0.0, 0.0, 0.0, 0.0001, 0.0002, 0.0002, 0.0003, 0.0004, 0.0007, 0.0005, 0.0021, 0.0028, 0.0058, 0.02, 0.0197, 0.0242, 0.0259, 0.0371, 0.0522, 0.0775, 0.1195, 0.1744, 0.2577, 0.0688, 0.0792, 0.0841, 0.1003, 0.1207, 0.1469, 0.1942, 0.253, 0.3307, 0.4304, 0.1424, 0.1502, 0.1578, 0.1799, 0.202, 0.2424, 0.286, 0.3443, 0.4204, 0.5228, 0.2283, 0.2293, 0.2469, 0.2614, 0.2906, 0.3339, 0.3643, 0.4304, 0.5102, 0.5896, 0.2867, 0.2958, 0.3134, 0.3264, 0.3555, 0.3869, 0.4373, 0.5027, 0.5656, 0.6408, 0.4196, 0.4261, 0.4333, 0.4551, 0.4813, 0.5213, 0.5703, 0.6144, 0.6814, 0.7514, 0.5209, 0.5342, 0.5307, 0.5509, 0.5798, 0.6167, 0.6571, 0.7095, 0.7628, 0.8254, 0.612, 0.6148, 0.6278, 0.6456, 0.6734, 0.7003, 0.7549, 0.7944, 0.8374, 0.8977, 0.7002, 0.7038, 0.7127, 0.717, 0.7396, 0.78, 0.8249, 0.8833, 0.9107, 0.9639, 0.8494, 0.8638, 0.8727, 0.8769, 0.9061, 0.9315, 0.9846, 1.0023, 1.0577, 1.0952, 1.008, 1.006, 1.0233, 1.0471, 1.0431, 1.0716, 1.114, 1.1579, 1.1863, 1.22, 1.158, 1.1433, 1.156, 1.1663, 1.1799, 1.2139, 1.2328, 1.2881, 1.3143, 1.3361, 1.3317, 1.3336, 1.3544, 1.3687, 1.3819, 1.4127, 1.4373, 1.4787, 1.4959, 1.513, 1.6551, 1.6457, 1.6387, 1.6875, 1.6903, 1.7114, 1.7412, 1.7832, 1.8092, 1.7922, 1.9539, 1.9662, 2.0034, 2.0069, 2.0256, 2.0611, 2.0992, 2.1158, 2.1502, 2.118, 2.4173, 2.4146, 2.4227, 2.3936, 2.425, 2.4612, 2.5172, 2.5263, 2.5248, 2.5258, 2.879, 2.922, 2.913, 2.9259, 2.9603, 2.9789, 3.0165, 3.0339, 3.0593, 3.0363, 3.5391, 3.5442, 3.5251, 3.5784, 3.5582, 3.6119, 3.6153, 3.6395, 3.6769, 3.6172]}