{"field": 0.0001, "density": 0.0008, "energy": [0.3, 0.3, 0.3, 0.3, 0.3, 0.3, 0.3, 0.3, 0.3, 0.3, 0.4, 0.4, 0.4, 0.4, 0.4, 0.4, 0.4, 0.4, 0.4, 0.4, 0.52, 0.52, 0.52, 0.52, 0.52, 0.52, 0.52, 0.52, 0.52, 0.52, 0.69, 0.69, 0.69, 0.69, 0.69, 0.69, 0.69, 0.69, 0.69, 0.69, 0.92, 0.92, 0.92, 0.92, 0.92, 0.92, 0.92, 0.92, 0.92, 0.92, 1.21, 1.21, 1.21, 1.21, 1.21, 1.21, 1.21, 1.21, 1.21, 1.21, 1.6, 1.6, 1.6, 1.6, 1.6, 1.6, 1.6, 1.6, 1.6, 1.6, 2.0, 2.0, 2.0, 2.0, 2.0, 2.0, 2.0, 2.0, 2.0, 2.0, 3.0, 3.0, 3.0, 3.0, 3.0, 3.0, 3.0, 3.0, 3.0, 3.0, 4.0, 4.0, 4.0, 4.0, 4.0, 4.0, 4.0, 4.0, 4.0, 4.0, 5.0, 5.0, 5.0, 5.0, 5.0, 5.0, 5.0, 5.0, 5.0, 5.0, 6.0, 6.0, 6.0, 6.0, 6.0, 6.0, 6.0, 6.0, 6.0, 6.0, 8.0, 8.0, 8.0, 8.0, 8.0, 8.0, 8.0, 8.0, 8.0, 8.0, 10.0, 10.0, 10.0, 10.0, 10.0, 10.0, 10.0, 10.0, 10.0, 10.0, 12.0, 12.0, 12.0, 12.0, 12.0, 12.0, 12.0, 12.0, 12.0, 12.0, 15.0, 15.0, 15.0, 15.0, 15.0, 15.0, 15.0, 15.0, 15.0, 15.0, 20.0, 20.0, 20.0, 20.0, 20.0, 20.0, 20.0, 20.0, 20.0, 20.0, 26.0, 26.0, 26.0, 26.0, 26.0, 26.0, 26.0, 26.0, 26.0, 26.0, 34.0, 34.0, 34.0, 34.0, 34.0, 34.0, 34.0, 34.0, 34.0, 34.0, 45.0, 45.0, 45.0, 45.0, 45.0, 45.0, 45.0, 45.0, 45.0, 45.0, 60.0, 60.0, 60.0, 60.0, 60.0, 60.0, 60.0, 60.0, 60.0, 60.0], "theta": [0.0, 9.936367072140724, 19.948443588802704, 30.002910931188026, 40.00396133685097, 49.984112560695735, 60.00000000000001, 70.00122819209012, 79.97953045136717, 90.0, 0.0, 9.936367072140724, 19.948443588802704, 30.002910931188026, 40.00396133685097, 49.984112560695735, 60.00000000000001, 70.00122819209012, 79.97953045136717, 90.0, 0.0, 9.936367072140724, 19.948443588802704, 30.002910931188026, 40.00396133685097, 49.984112560695735, 60.00000000000001, 70.00122819209012, 79.97953045136717, 90.0, 0.0, 9.936367072140724, 19.948443588802704, 30.002910931188026, 40.00396133685097, 49.984112560695735, 60.00000000000001, 70.00122819209012, 79.97953045136717, 90.0, 0.0, 9.936367072140724, 19.948443588802704, 30.002910931188026, 40.00396133685097, 49.984112560695735, 60.00000000000001, 70.00122819209012, 79.97953045136717, 90.0, 0.0, 9.936367072140724, 19.948443588802704, 30.002910931188026, 40.00396133685097, 49.984112560695735, 60.00000000000001, 70.00122819209012, 79.97953045136717, 90.0, 0.0, 9.936367072140724, 19.948443588802704, 30.002910931188026, 40.00396133685097, 49.984112560695735, 60.00000000000001, 70.00122819209012, 79.97953045136717, 90.0, 0.0, 9.936367072140724, 19.948443588802704, 30.002910931188026, 40.00396133685097, 49.984112560695735, 60.00000000000001, 70.00122819209012, 79.97953045136717, 90.0, 0.0, 9.936367072140724, 19.948443588802704, 30.002910931188026, 40.00396133685097, 49.984112560695735, 60.00000000000001, 70.00122819209012, 79.97953045136717, 90.0, 0.0, 9.936367072140724, 19.948443588802704, 30.002910931188026, 40.00396133685097, 49.984112560695735, 60.00000000000001, 70.00122819209012, 79.97953045136717, 90.0, 0.0, 9.936367072140724, 19.948443588802704, 30.002910931188026, 40.00396133685097, 49.984112560695735, 60.00000000000001, 70.00122819209012, 79.97953045136717, 90.0, 0.0, 9.936367072140724, 19.948443588802704, 30.002910931188026, 40.00396133685097, 49.984112560695735, 60.00000000000001, 70.00122819209012, 79.97953045136717, 90.0, 0.0, 9.936367072140724, 19.948443588802704, 30.002910931188026, 40.00396133685097, 49.984112560695735, 60.00000000000001, 70.00122819209012, 79.97953045136717, 90.0, 0.0, 9.936367072140724, 19.948443588802704, 30.002910931188026, 40.00396133685097, 49.984112560695735, 60.00000000000001, 70.00122819209012, 79.97953045136717, 90.0, 0.0, 9.936367072140724, 19.948443588802704, 30.002910931188026, 40.00396133685097, 49.984112560695735, 60.00000000000001, 70.00122819209012, 79.97953045136717, 90.0, 0.0, 9.936367072140724, 19.948443588802704, 30.002910931188026, 40.00396133685097, 49.984112560695735, 60.00000000000001, 70.00122819209012, 79.97953045136717, 90.0, 0.0, 9.936367072140724, 19.948443588802704, 30.002910931188026, 40.00396133685097, 49.984112560695735, 60.00000000000001, 70.00122819209012, 79.97953045136717, 90.0, 0.0, 9.936367072140724, 19.948443588802704, 30.002910931188026, 40.00396133685097, 49.984112560695735, 60.00000000000001, 70.00122819209012, 79.97953045136717, 90.0, 0.0, 9.936367072140724, 19.948443588802704, 30.002910931188026, 40.00396133685097, 49.984112560695735, 60.00000000000001, 70.00122819209012, 79.97953045136717, 90.0, 0.0, 9.936367072140724, 19.948443588802704, 30.002910931188026, 40.00396133685097, 49.984112560695735, 60.00000000000001, 70.00122819209012, 79.97953045136717, 90.0, 0.0, 9.936367072140724, 19.948443588802704, 30.002910931188026, 40.00396133685097, 49.984112560695735, 60.00000000000001, 70.00122819209012, 79.97953045136717, 90.0], "number": [0.0, 0.0, 0.0, 0.0, 0.0, 0.0, 0.0, 0.0, 0.0, 0.0, 0.0, 0.0, 0.0, 0.0, 0.0, 0.0, 0.0, 0.0, 0.0, 0.0, 0.0003, 0.0001, 0.0003, 0.0007, 0.001, 0.0005, 0.0012, 0.0019, 0.0029, 0.0062, 0.0171, 0.0188, 0.0263, 0.0241, 0.0359, 0.0547, 0.0772, 0.1164, 0.1757, 0.2731, 0.0739, 0.0715, 0.0864, 0.0971, 0.1238, 0.1455, 0.1935, 0.2502, 0.3332, 0.4185, 0.1454, 0.1427, 0.1562, 0.1771, 0.201, 0.2347, 0.2914, 0.3478, 0.4235, 0.5126, 0.2232, 0.2237, 0.2438, 0.2635, 0.2863, 0.3305, 0.3727, 0.4321, 0.509, 0.5915, 0.2853, 0.2922, 0.3029, 0.3252, 0.3711, 0.3878, 0.4383, 0.4951, 0.5566, 0.6459, 0.4144, 0.4147, 0.4452, 0.456, 0.4805, 0.514, 0.5639, 0.61, 0.676, 0.7346, 0.5297, 0.529, 0.5393, 0.5502, 0.5788, 0.6187, 0.6574, 0.6905, 0.7627, 0.8329, 0.6075, 0.6255, 0.6249, 0.65, 0.676, 0.7094, 0.7321, 0.7973, 0.8433, 0.8947, 0.691, 0.6934, 0.7225, 0.7287, 0.7477, 0.7871, 0.819, 0.8509, 0.9196, 0.9645, 0.8579, 0.856, 0.8692, 0.8709, 0.9153, 0.9385, 0.9634, 1.0137, 1.0553, 1.0904, 0.99, 1.0096, 1.0075, 1.0382, 1.0336, 1.0769, 1.1241, 1.1767, 1.1905, 1.2086, 1.1353, 1.1437, 1.1489, 1.162, 1.1953, 1.2164, 1.2438, 1.294, 1.3165, 1.3305, 1.3469, 1.3359, 1.3603, 1.371, 1.3873, 1.4097, 1.4544, 1.4755, 1.5043, 1.4964, 1.6572, 1.6382, 1.6544, 1.6774, 1.7083, 1.7079, 1.7613, 1.7914, 1.8019, 1.7724, 1.9803, 2.0017, 1.9759, 2.0006, 2.0414, 2.0547, 2.0882, 2.11, 2.1294, 2.143, 2.4083, 2.3821, 2.4016, 2.4204, 2.4546, 2.4682, 2.4933, 2.5108, 2.537, 2.556, 2.9508, 2.9081, 2.9051, 2.924, 2.9863, 3.0165, 3.0364, 3.0503, 3.0479, 3.0347, 3.5637, 3.5395, 3.5477, 3.5662, 3.5634, 3.5986, 3.6758, 3.6619, 3.6612, 3.6534]}