{"field": 0.0002, "density": 0.0009, "energy": [0.3, 0.3, 0.3, 0.3, 0.3, 0.3, 0.3, 0.3, 0.3, 0.3, 0.4, 0.4, 0.4, 0.4, 0.4, 0.4, 0.4, 0.4, 0.4, 0.4, 0.52, 0.52, 0.52, 0.52, 0.52, 0.52, 0.52, 0.52, 0.52, 0.52, 0.69, 0.69, 0.69, 0.69, 0.69, 0.69, 0.69, 0.69, 0.69, 0.69, 0.92, 0.92, 0.92, 0.92, 0.92, 0.92, 0.92, 0.92, 0.92, 0.92, 1.21, 1.21, 1.21, 1.21, 1.21, 1.21, 1.21, 1.21, 1.21, 1.21, 1.6, 1.6, 1.6, 1.6, 1.6, 1.6, 1.6, 1.6, 1.6, 1.6, 2.0, 2.0, 2.0, 2.0, 2.0, 2.0, 2.0, 2.0, 2.0, 2.0, 3.0, 3.0, 3.0, 3.0, 3.0, 3.0, 3.0, 3.0, 3.0, 3.0, 4.0, 4.0, 4.0, 4.0, 4.0, 4.0, 4.0, 4.0, 4.0, 4.0, 5.0, 5.0, 5.0, 5.0, 5.0, 5.0, 5.0, 5.0, 5.0, 5.0, 6.0, 6.0, 6.0, 6.0, 6.0, 6.0, 6.0, 6.0, 6.0, 6.0, 8.0, 8.0, 8.0, 8.0, 8.0, 8.0, 8.0, 8.0, 8.0, 8.0, 10.0, 10.0, 10.0, 10.0, 10.0, 10.0, 10.0, 10.0, 10.0, 10.0, 12.0, 12.0, 12.0, 12.0, 12.0, 12.0, 12.0, 12.0, 12.0, 12.0, 15.0, 15.0, 15.0, 15.0, 15.0, 15.0, 15.0, 15.0, 15.0, 15.0, 20.0, 20.0, 20.0, 20.0, 20.0, 20.0, 20.0, 20.0, 20.0, 20.0, 26.0, 26.0, 26.0, 26.0, 26.0, 26.0, 26.0, 26.0, 26.0, 26.0, 34.0, 34.0, 34.0, 34.0, 34.0, 34.0, 34.0, 34.0, 34.0, 34.0, 45.0, 45.0, 45.0, 45.0, 45.0, 45.0, 45.0, 45.0, 45.0, 45.0, 60.0, 60.0, 60.0, 60.0, 60.0, 60.0, 60.0, 60.0, 60.0, 60.0], "theta": [0.0, 9.936367072140724, 19.948443588802704, 30.002910931188026, 40.00396133685097, 49.984112560695735, 60.00000000000001, 70.00122819209012, 79.97953045136717, 90.0, 0.0, 9.936367072140724, 19.948443588802704, 30.002910931188026, 40.00396133685097, 49.984112560695735, 60.00000000000001, 70.00122819209012, 79.97953045136717, 90.0, 0.0, 9.936367072140724, 19.948443588802704, 30.002910931188026, 40.00396133685097, 49.984112560695735, 60.00000000000001, 70.00122819209012, 79.97953045136717, 90.0, 0.0, 9.936367072140724, 19.948443588802704, 30.002910931188026, 40.00396133685097, 49.984112560695735, 60.00000000000001, 70.00122819209012, 79.97953045136717, 90.0, 0.0, 9.936367072140724, 19.948443588802704, 30.002910931188026, 40.00396133685097, 49.984112560695735, 60.00000000000001, 70.00122819209012, 79.97953045136717, 90.0, 0.0, 9.936367072140724, 19.948443588802704, 30.002910931188026, 40.00396133685097, 49.984112560695735, 60.00000000000001, 70.00122819209012, 79.97953045136717, 90.0, 0.0, 9.936367072140724, 19.948443588802704, 30.002910931188026, 40.00396133685097, 49.984112560695735, 60.00000000000001, 70.00122819209012, 79.97953045136717, 90.0, 0.0, 9.936367072140724, 19.948443588802704, 30.002910931188026, 40.00396133685097, 49.984112560695735, 60.00000000000001, 70.00122819209012, 79.97953045136717, 90.0, 0.0, 9.936367072140724, 19.948443588802704, 30.002910931188026, 40.00396133685097, 49.984112560695735, 60.00000000000001, 70.00122819209012, 79.97953045136717, 90.0, 0.0, 9.936367072140724, 19.948443588802704, 30.002910931188026, 40.00396133685097, 49.984112560695735, 60.00000000000001, 70.00122819209012, 79.97953045136717, 90.0, 0.0, 9.936367072140724, 19.948443588802704, 30.002910931188026, 40.00396133685097, 49.984112560695735, 60.00000000000001, 70.00122819209012, 79.97953045136717, 90.0, 0.0, 9.936367072140724, 19.948443588802704, 30.002910931188026, 40.00396133685097, 49.984112560695735, 60.00000000000001, 70.00122819209012, 79.97953045136717, 90.0, 0.0, 9.936367072140724, 19.948443588802704, 30.002910931188026, 40.00396133685097, 49.984112560695735, 60.00000000000001, 70.00122819209012, 79.97953045136717, 90.0, 0.0, 9.936367072140724, 19.948443588802704, 30.002910931188026, 40.00396133685097, 49.984112560695735, 60.00000000000001, 70.00122819209012, 79.97953045136717, 90.0, 0.0, 9.936367072140724, 19.948443588802704, 30.002910931188026, 40.00396133685097, 49.984112560695735, 60.00000000000001, 70.00122819209012, 79.97953045136717, 90.0, 0.0, 9.936367072140724, 19.948443588802704, 30.002910931188026, 40.00396133685097, 49.984112560695735, 60.00000000000001, 70.00122819209012, 79.97953045136717, 90.0, 0.0, 9.936367072140724, 19.948443588802704, 30.002910931188026, 40.00396133685097, 49.984112560695735, 60.00000000000001, 70.00122819209012, 79.97953045136717, 90.0, 0.0, 9.936367072140724, 19.948443588802704, 30.002910931188026, 40.00396133685097, 49.984112560695735, 60.00000000000001, 70.00122819209012, 79.97953045136717, 90.0, 0.0, 9.936367072140724, 19.948443588802704, 30.002910931188026, 40.00396133685097, 49.984112560695735, 60.00000000000001, 70.00122819209012, 79.97953045136717, 90.0, 0.0, 9.936367072140724, 19.948443588802704, 30.002910931188026, 40.00396133685097, 49.984112560695735, 60.00000000000001, 70.00122819209012, 79.97953045136717, 90.0, 0.0, 9.936367072140724, 19.948443588802704, 30.002910931188026, 40.00396133685097, 49.984112560695735, 60.00000000000001, 70.00122819209012, 79.97953045136717, 90.0], "number": [0.0, 0.0, 0.0, 0.0, 0.0, 0.0, 0.0, 0.0, 0.0, 0.0, 0.0, 0.0, 0.0, 0.0, 0.0, 0.0, 0.0, 0.0, 0.0, 0.0, 0.0005, 0.0004, 0.0004, 0.0007, 0.0004, 0.0009, 0.0006, 0.0023, 0.0034, 0.0072, 0.0178, 0.0195, 0.0203, 0.0317, 0.0376, 0.0522, 0.0762, 0.1222, 0.1836, 0.2691, 0.0732, 0.0791, 0.0814, 0.0897, 0.1196, 0.1525, 0.1941, 0.2565, 0.3227, 0.4288, 0.1433, 0.1406, 0.1503, 0.1751, 0.2099, 0.2414, 0.2868, 0.3563, 0.4184, 0.5136, 0.2331, 0.224, 0.24, 0.2586, 0.2893, 0.3266, 0.3703, 0.4373, 0.5007, 0.5942, 0.2889, 0.3029, 0.3094, 0.3281, 0.3523, 0.3952, 0.4382, 0.5046, 0.5634, 0.6419, 0.4177, 0.4242, 0.435, 0.4442, 0.4796, 0.5, 0.5677, 0.622, 0.6799, 0.7335, 0.5155, 0.532, 0.5351, 0.5531, 0.5924, 0.6056, 0.6588, 0.7063, 0.7593, 0.8149, 0.6074, 0.6226, 0.6249, 0.6468, 0.6714, 0.7053, 0.7476, 0.7793, 0.8413, 0.8944, 0.6861, 0.695, 0.7077, 0.733, 0.7517, 0.7732, 0.8245, 0.8671, 0.9225, 0.9476, 0.8612, 0.8577, 0.8625, 0.881, 0.9146, 0.9201, 0.9725, 1.0266, 1.051, 1.1016, 1.0107, 1.0105, 0.9976, 1.0116, 1.0573, 1.0837, 1.1282, 1.1641, 1.1924, 1.2145, 1.1267, 1.1249, 1.1557, 1.1581, 1.1902, 1.2134, 1.2437, 1.2743, 1.3129, 1.3424, 1.3324, 1.3479, 1.3376, 1.37, 1.3708, 1.4055, 1.4355, 1.4636, 1.5077, 1.5352, 1.6292, 1.6638, 1.6449, 1.6852, 1.6876, 1.7124, 1.7432, 1.7801, 1.8016, 1.798, 1.9713, 1.9742, 2.0027, 2.0221, 2.0318, 2.0497, 2.0947, 2.1072, 2.136, 2.1304, 2.3951, 2.4084, 2.4154, 2.444, 2.4482, 2.4711, 2.5004, 2.5221, 2.5356, 2.5499, 2.9238, 2.9043, 2.8757, 2.9246, 2.9548, 2.9689, 3.0198, 3.053, 3.0415, 3.0394, 3.5472, 3.5507, 3.539, 3.5503, 3.5892, 3.6133, 3.6573, 3.6734, 3.6609, 3.6421]}